kappa,order,prep_unreliable_frac_row,h_T_ED,h_T_p0.0,h_D_p0.0,h_T_p0.01,h_D_p0.01,h_T_p0.05,h_D_p0.05,prep_bias_h_T,h_R_p0.0,h_R_p0.01,h_R_p0.05,dh_R_p0.01,dh_R_p0.05,dh_T_p0.01,dh_D_p0.01,u_interp_p0.01,u_threshold_p0.01,u_grid_D_p0.01,dh_T_p0.05,dh_D_p0.05,u_interp_p0.05,u_threshold_p0.05,u_grid_D_p0.05
0.0000,ferro,0.0000,1.0200,1.0123,0.9574,nan,0.9777,nan,1.0533,-0.0077,1.1000,1.0333,1.3667,-0.0667,0.2667,nan,0.0203,nan,nan,0.0333,nan,0.0960,nan,nan,0.0333
0.0333,ferro,0.0000,0.9679,0.9679,0.9239,nan,0.9536,nan,1.1847,0.0001,1.0333,1.0333,1.4333,0.0000,0.4000,nan,0.0297,nan,nan,0.0333,nan,0.2608,nan,nan,0.0333
0.0667,ferro,0.0000,0.9143,0.8892,0.8032,nan,0.8262,nan,0.9024,-0.0251,0.9667,0.9667,1.3000,0.0000,0.3333,nan,0.0230,nan,nan,0.0333,nan,0.0992,nan,nan,0.0333
0.1000,ferro,0.0000,0.8592,0.8400,0.8663,nan,0.8589,nan,0.5780,-0.0192,0.9000,0.9667,1.3000,0.0667,0.4000,nan,-0.0074,nan,nan,0.0333,nan,-0.2883,nan,nan,0.0333
0.1333,ferro,0.0000,0.8028,0.8029,0.7646,nan,0.8039,nan,1.4926,0.0001,0.8333,0.9000,1.3000,0.0667,0.4667,nan,0.0393,nan,nan,0.0333,nan,0.7280,nan,nan,0.0333
0.1667,ferro,0.0000,0.7450,0.7354,0.7294,nan,0.7392,nan,1.2329,-0.0097,0.7667,0.7667,1.1000,0.0000,0.3333,nan,0.0098,nan,nan,0.0333,nan,0.5035,nan,nan,0.0333
0.2000,ferro,0.0000,0.6849,0.6847,0.6533,nan,0.6797,nan,1.2924,-0.0002,0.7667,0.7667,1.1000,0.0000,0.3333,nan,0.0265,nan,nan,0.0333,nan,0.6391,nan,nan,0.0333
0.2333,ferro,0.0000,0.6221,0.6086,0.6209,nan,0.6022,nan,1.0614,-0.0135,0.7000,0.7000,0.9000,0.0000,0.2000,nan,-0.0188,nan,nan,0.0333,nan,0.4405,nan,nan,0.0333
0.2667,ferro,0.0000,0.5563,0.5218,0.5092,nan,0.5526,nan,0.7169,-0.0344,0.5667,0.6333,0.9000,0.0667,0.3333,nan,0.0434,nan,nan,0.0333,nan,0.2077,nan,nan,0.0333
0.3000,ferro,0.0000,0.4868,0.4713,0.4690,nan,0.4839,nan,0.6542,-0.0155,0.5667,0.5667,0.7000,0.0000,0.1333,nan,0.0149,nan,nan,0.0333,nan,0.1852,nan,nan,0.0333
0.3333,ferro,0.0000,0.4127,0.4126,0.3981,nan,0.4110,nan,0.6020,-0.0002,0.4333,0.5000,0.5667,0.0667,0.1333,nan,0.0129,nan,nan,0.0333,nan,0.2039,nan,nan,0.0333
0.3667,ferro,0.0000,0.3316,0.3332,0.3271,nan,0.3408,nan,0.4882,0.0016,0.3667,0.4333,0.5667,0.0667,0.2000,nan,0.0137,nan,nan,0.0333,nan,0.1611,nan,nan,0.0333
0.4000,ferro,0.0000,0.2458,0.2459,0.2481,nan,0.2506,nan,0.2538,0.0001,0.3000,0.3000,0.7667,0.0000,0.4667,nan,0.0025,nan,nan,0.0333,nan,0.0058,nan,nan,0.0333
0.4333,ferro,0.0968,0.1651,0.1691,0.1830,nan,0.1861,nan,0.1900,0.0040,0.2333,0.2333,0.5000,0.0000,0.2667,nan,0.0031,nan,nan,0.0333,nan,0.0070,nan,nan,0.0333
0.4667,ferro,0.0968,0.0956,0.0928,0.1110,nan,0.1169,nan,0.1241,-0.0028,0.1667,0.1667,1.6333,0.0000,1.4667,nan,0.0059,nan,nan,0.0333,nan,0.0130,nan,nan,0.0333
0.5000,antiphase,0.0968,nan,0.0273,0.0000,nan,0.0000,nan,0.0000,nan,0.0333,0.0333,0.3000,0.0000,0.2667,nan,0.0000,nan,nan,0.0333,nan,0.0000,nan,nan,0.0333
0.5667,antiphase,0.0323,0.1615,0.2272,0.2283,0.1406,0.2262,nan,0.2185,0.0657,0.2333,0.2333,1.0333,0.0000,0.8000,-0.0866,-0.0021,0.0037,0.0601,0.0333,nan,-0.0098,nan,nan,0.0333
0.6000,antiphase,0.0000,0.2412,0.2410,0.2403,nan,0.2387,nan,0.2372,-0.0002,0.2333,0.3667,1.3000,0.1333,1.0667,nan,-0.0016,nan,nan,0.0333,nan,-0.0031,nan,nan,0.0333
0.6333,antiphase,0.0000,0.3227,0.3035,0.3017,0.2628,0.3002,nan,0.2988,-0.0193,0.3000,0.3667,0.6333,0.0667,0.3333,-0.0407,-0.0015,0.0025,0.0099,0.0333,nan,-0.0029,nan,nan,0.0333
0.6667,antiphase,0.0000,0.3977,0.4277,0.4179,nan,0.4155,nan,0.4087,0.0300,0.4333,0.5000,1.1667,0.0667,0.7333,nan,-0.0024,nan,nan,0.0333,nan,-0.0092,nan,nan,0.0333
0.7000,antiphase,0.0000,0.4667,0.4852,0.4772,nan,0.4765,nan,0.4737,0.0184,0.5000,0.5000,1.5667,0.0000,1.0667,nan,-0.0007,nan,nan,0.0333,nan,-0.0035,nan,nan,0.0333
0.7333,antiphase,0.0000,0.5312,0.5437,0.5225,0.3245,0.5222,nan,0.5639,0.0124,0.5667,0.6333,1.7000,0.0667,1.1333,-0.2191,-0.0003,0.0020,0.0895,0.0333,nan,0.0413,nan,nan,0.0333
0.7667,antiphase,0.0000,0.5922,0.6119,0.5878,nan,0.5828,nan,0.5557,0.0198,0.6333,0.7000,1.3667,0.0667,0.7333,nan,-0.0050,nan,nan,0.0333,nan,-0.0321,nan,nan,0.0333
0.8000,antiphase,0.0000,0.6501,0.6743,0.6724,nan,0.6756,nan,0.7171,0.0242,0.7000,0.7667,nan,0.0667,nan,nan,0.0032,nan,nan,0.0333,nan,0.0447,nan,nan,0.0333
0.8333,antiphase,0.0000,0.7054,0.7109,0.6462,nan,0.6453,nan,0.7190,0.0056,0.7667,0.8333,1.9667,0.0667,1.2000,nan,-0.0008,nan,nan,0.0333,nan,0.0728,nan,nan,0.0333
0.8667,antiphase,0.0000,0.7582,0.7629,0.6837,nan,0.6834,nan,0.7725,0.0047,0.7667,0.9000,nan,0.1333,nan,nan,-0.0002,nan,nan,0.0333,nan,0.0889,nan,nan,0.0333
0.9000,antiphase,0.0000,0.8089,0.8129,0.7228,nan,0.7231,nan,0.8209,0.0041,0.8333,0.9667,nan,0.1333,nan,nan,0.0004,nan,nan,0.0333,nan,0.0982,nan,nan,0.0333
0.9333,antiphase,0.0000,0.8587,0.8624,0.7777,0.3803,0.6588,nan,0.6384,0.0037,0.9000,1.0333,1.8333,0.1333,0.9333,-0.4821,-0.1189,0.0020,0.1474,0.0333,nan,-0.1393,nan,nan,0.0333
0.9667,antiphase,0.0000,0.9079,0.9106,0.7957,nan,0.7980,nan,0.9189,0.0027,0.9667,1.0333,nan,0.0667,nan,nan,0.0023,nan,nan,0.0333,nan,0.1232,nan,nan,0.0333
1.0000,antiphase,0.0000,0.9557,0.9579,0.8319,nan,0.8189,nan,0.7920,0.0022,0.9667,1.1000,nan,0.1333,nan,nan,-0.0130,nan,nan,0.0333,nan,-0.0399,nan,nan,0.0333
