kappa,h_T_p0,dO_dp_at_crossing,dO_dh_at_crossing,dh_pred_first_order_p0.01,dh_measured_p0.01,dh_after_ZNE_R3_p0.01,dh_parity_verified_p0.01,dh_pred_first_order_p0.05,dh_measured_p0.05,dh_after_ZNE_R3_p0.05,dh_parity_verified_p0.05
0.0000,1.0123,-35.7042,-1.0139,-0.3521,nan,-0.0776,-0.5497,-1.7607,nan,nan,nan
0.0333,0.9679,-40.3855,-1.1562,-0.3493,nan,-0.0938,nan,-1.7464,nan,nan,nan
0.0667,0.8892,-33.8405,-1.0841,-0.3121,nan,-0.0616,-0.6248,-1.5607,nan,nan,nan
0.1000,0.8400,-35.4030,-1.1184,-0.3165,nan,-0.0679,-0.6579,-1.5827,nan,nan,nan
0.1333,0.8029,-42.3294,-1.3926,-0.3040,nan,-0.0843,nan,-1.5198,nan,nan,nan
0.1667,0.7354,-36.2226,-1.4255,-0.2541,nan,-0.0576,-0.7148,-1.2705,nan,nan,nan
0.2000,0.6847,-42.1567,-1.7595,-0.2396,nan,-0.0674,nan,-1.1980,nan,nan,nan
0.2333,0.6086,-34.8338,-1.7321,-0.2011,nan,-0.0442,nan,-1.0055,nan,nan,nan
0.2667,0.5218,-35.9593,-2.5892,-0.1389,nan,-0.0391,nan,-0.6944,nan,nan,nan
0.3000,0.4713,-32.1425,-2.2384,-0.1436,nan,-0.0278,nan,-0.7180,nan,nan,nan
0.3333,0.4126,-41.2928,-3.3340,-0.1239,nan,-0.0348,nan,-0.6193,nan,nan,nan
0.3667,0.3332,-40.7720,-4.8545,-0.0840,nan,-0.0254,nan,-0.4199,nan,nan,nan
0.4000,0.2459,-35.5098,-6.6383,-0.0535,nan,-0.0117,-0.1743,-0.2675,nan,nan,nan
0.4333,0.1691,-37.5053,-6.8521,-0.0547,nan,-0.0129,nan,-0.2737,nan,nan,nan
0.4667,0.0928,-35.1937,-7.1570,-0.0492,nan,-0.0102,nan,-0.2459,nan,nan,nan
0.5000,0.0273,-35.6248,-16.8129,-0.0212,nan,-0.0041,-0.0229,-0.1059,nan,nan,nan
0.5667,0.2272,-30.7518,-13.6147,-0.0226,-0.0866,-0.0037,-0.0256,-0.1129,nan,nan,nan
0.6000,0.2410,-25.8762,-9.8867,-0.0262,nan,-0.0034,-0.0284,-0.1309,nan,nan,nan
0.6333,0.3035,-30.1187,-10.2364,-0.0294,-0.0407,-0.0044,-0.0286,-0.1471,nan,nan,nan
0.6667,0.4277,-29.3743,-6.4097,-0.0458,nan,-0.0073,nan,-0.2291,nan,nan,nan
0.7000,0.4852,-27.2436,-4.7277,-0.0576,nan,-0.0082,-0.1072,-0.2881,nan,nan,nan
0.7333,0.5437,-26.0441,-2.2952,-0.1135,-0.2191,-0.0157,-0.1311,-0.5674,nan,nan,nan
0.7667,0.6119,-29.8426,-1.9802,-0.1507,nan,-0.0227,-0.1907,-0.7535,nan,nan,nan
0.8000,0.6743,-36.1912,-2.5007,-0.1447,nan,-0.0438,nan,-0.7236,nan,nan,nan
0.8333,0.7109,-25.7128,-1.4257,-0.1804,nan,-0.0247,nan,-0.9018,nan,nan,nan
0.8667,0.7629,-25.6348,-1.2194,-0.2102,nan,-0.0286,-0.2205,-1.0512,nan,nan,nan
0.9000,0.8129,-25.5614,-1.0580,-0.2416,nan,-0.0304,nan,-1.2080,nan,nan,nan
0.9333,0.8624,-29.7019,-1.1185,-0.2656,-0.4821,-0.0415,-0.3109,-1.3278,nan,nan,nan
0.9667,0.9106,-25.4558,-0.9456,-0.2692,nan,-0.0359,nan,-1.3460,nan,nan,nan
1.0000,0.9579,-30.3140,-0.8535,-0.3552,nan,-0.0557,-0.3725,-1.7760,nan,nan,nan
